{
  "swagger" : "2.0",
  "info" : {
    "title" : "RestProv2",
    "version" : "1.0.0",
    "description" : "RestProv2"
  },
  "paths" : {
    "/hello" : {
      "get" : {
        "operationId" : "getHello",
        "responses" : {
          "200" : {
            "description" : "The operation was successful.",
            "schema" : {
              "type" : "string"
            }
          }
        },
        "produces" : [ "application/json" ],
        "description" : "Retrieve hello",
        "parameters" : [ ]
      }
    }
  },
  "basePath" : "/restprov2/v1"
}